Legislator,SEN/REP,CONGRESSPERSON FIRST NAME,CONGRESSPERSON LAST NAME,PARTY,STATE,DISTRICT
Alexander Lamar,Sen.,Lamar,Alexander,R,TN,
Baldwin Tammy,Sen.,Tammy,Baldwin,D,WI,
Barrasso John,Sen.,John,Barrasso,R,WY,
Bennet Michael,Sen.,Michael,Bennet,D,CO,
Blackburn Marsha,Sen.,Marsha,Blackburn,R,TN,
Blumenthal Richard,Sen.,Richard,Blumenthal,D,CT,
Blunt Roy,Sen.,Roy,Blunt,R,MO,
Booker Cory,Sen.,Cory,Booker,D,NJ,
Boozman John,Sen.,John,Boozman,R,AR,
Braun Mike,Sen.,Mike,Braun,R,IN,
Brown Sherrod,Sen.,Sherrod,Brown,D,OH,
Burr Richard,Sen.,Richard,Burr,R,NC,
Cantwell Maria,Sen.,Maria,Cantwell,D,WA,
Capito Shelley,Sen.,Shelley,Capito,R,WV,
Cardin Benjamin,Sen.,Benjamin,Cardin,D,MD,
Carper Thomas,Sen.,Thomas,Carper,D,DE,
Casey Bob,Sen.,Bob,Casey,D,PA,
Cassidy Bill,Sen.,Bill,Cassidy,R,LA,
Collins Susan,Sen.,Susan,Collins,R,ME,
Coons Chris,Sen.,Chris,Coons,D,DE,
Cornyn John,Sen.,John,Cornyn,R,TX,
Cortez Masto Catherine,Sen.,Catherine,Cortez Masto,D,NV,
Cotton Tom,Sen.,Tom,Cotton,R,AR,
Cramer Kevin,Sen.,Kevin,Cramer,R,ND,
Crapo Michael,Sen.,Michael,Crapo,R,ID,
Cruz Ted,Sen.,Ted,Cruz,R,TX,
Daines Steve,Sen.,Steve,Daines,R,MT,
Duckworth Tammy,Sen.,Tammy,Duckworth,D,IL,
Durbin Richard,Sen.,Richard,Durbin,D,IL,
Enzi Michael,Sen.,Michael,Enzi,R,WY,
Ernst Joni,Sen.,Joni,Ernst,R,IA,
Feinstein Dianne,Sen.,Dianne,Feinstein,D,CA,
Fischer Deb,Sen.,Deb,Fischer,R,NE,
Gardner Cory,Sen.,Cory,Gardner,R,CO,
Gillibrand Kirsten,Sen.,Kirsten,Gillibrand,D,NY,
Graham Lindsey,Sen.,Lindsey,Graham,R,SC,
Grassley Charles,Sen.,Charles,Grassley,R,IA,
Harris Kamala,Sen.,Kamala,Harris,D,CA,
Hassan Maggie,Sen.,Maggie,Hassan,D,NH,
Hawley Josh,Sen.,Josh,Hawley,R,MO,
Heinrich Martin,Sen.,Martin,Heinrich,D,NM,
Hirono Mazie,Sen.,Mazie,Hirono,D,HI,
Hoeven John,Sen.,John,Hoeven,R,ND,
Hyde-Smith Cindy,Sen.,Cindy,Hyde-Smith,R,MS,
Inhofe James,Sen.,James,Inhofe,R,OK,
Johnson Ron,Sen.,Ron,Johnson,R,WI,
Jones Doug,Sen.,Doug,Jones,D,AL,
Kaine Tim,Sen.,Tim,Kaine,D,VA,
Kennedy John,Sen.,John,Kennedy,R,LA,
King Angus,Sen.,Angus,King,I,ME,
Klobuchar Amy,Sen.,Amy,Klobuchar,D,MN,
Lankford James,Sen.,James,Lankford,R,OK,
Leahy Patrick,Sen.,Patrick,Leahy,D,VT,
Lee Mike,Sen.,Mike,Lee,R,UT,
Loeffler Kelly,Sen.,Kelly,Loeffler,R,GA,
Manchin Joe,Sen.,Joe,Manchin,D,WV,
Markey Edward,Sen.,Edward,Markey,D,MA,
McConnell Mitch,Sen.,Mitch,McConnell,R,KY,
McSally Martha,Sen.,Martha,McSally,R,AZ,
Menendez Bob,Sen.,Bob,Menendez,D,NJ,
Merkley Jeff,Sen.,Jeff,Merkley,D,OR,
Moran Jerry,Sen.,Jerry,Moran,R,KS,
Murkowski Lisa,Sen.,Lisa,Murkowski,R,AK,
Murphy Christopher,Sen.,Christopher,Murphy,D,CT,
Murray Patty,Sen.,Patty,Murray,D,WA,
Paul Rand,Sen.,Rand,Paul,R,KY,
Perdue David,Sen.,David,Perdue,R,GA,
Peters Gary,Sen.,Gary,Peters,D,MI,
Portman Rob,Sen.,Rob,Portman,R,OH,
Reed Jack,Sen.,Jack,Reed,D,RI,
Risch Jim,Sen.,Jim,Risch,R,ID,
Roberts Pat,Sen.,Pat,Roberts,R,KS,
Romney Mitt,Sen.,Mitt,Romney,R,UT,
Rosen Jacky,Sen.,Jacky,Rosen,D,NV,
Rounds Mike,Sen.,Mike,Rounds,R,SD,
Rubio Marco,Sen.,Marco,Rubio,R,FL,
Sanders Bernie,Sen.,Bernie,Sanders,I,VT,
Sasse Ben,Sen.,Ben,Sasse,R,NE,
Schatz Brian,Sen.,Brian,Schatz,D,HI,
Schumer Charles,Sen.,Charles,Schumer,D,NY,
Scott Rick,Sen.,Rick,Scott,R,FL,
Scott Tim,Sen.,Tim,Scott,R,SC,
Shaheen Jeanne,Sen.,Jeanne,Shaheen,D,NH,
Shelby Richard,Sen.,Richard,Shelby,R,AL,
Sinema Kyrsten,Sen.,Kyrsten,Sinema,D,AZ,
Smith Tina,Sen.,Tina,Smith,D,MN,
Stabenow Debbie,Sen.,Debbie,Stabenow,D,MI,
Sullivan Dan,Sen.,Dan,Sullivan,R,AK,
Tester Jon,Sen.,Jon,Tester,D,MT,
Thune John,Sen.,John,Thune,R,SD,
Tillis Thom,Sen.,Thom,Tillis,R,NC,
Toomey Patrick,Sen.,Patrick,Toomey,R,PA,
Udall Tom,Sen.,Tom,Udall,D,NM,
Van Hollen Chris,Sen.,Chris,Van Hollen,D,MD,
Warner Mark,Sen.,Mark,Warner,D,VA,
Warren Elizabeth,Sen.,Elizabeth,Warren,D,MA,
Whitehouse Sheldon,Sen.,Sheldon,Whitehouse,D,RI,
Wicker Roger,Sen.,Roger,Wicker,R,MS,
Wyden Ron,Sen.,Ron,Wyden,D,OR,
Young Todd,Sen.,Todd,Young,R,IN,
Abraham Ralph,Rep.,Ralph,Abraham,R,LA,5
Adams Alma,Rep.,Alma,Adams,D,NC,12
Aderholt Robert,Rep.,Robert,Aderholt,R,AL,4
Aguilar Pete,Rep.,Pete,Aguilar,D,CA,31
Allen Rick,Rep.,Rick,Allen,R,GA,12
Allred Colin,Rep.,Colin,Allred,D,TX,32
Amash Justin,Rep.,Justin,Amash,I,MI,3
Amodei Mark,Rep.,Mark,Amodei,R,NV,2
Armstrong Kelly,Rep.,Kelly,Armstrong,R,ND,at large
Arrington Jodey,Rep.,Jodey,Arrington,R,TX,19
Axne Cindy,Rep.,Cindy,Axne,D,IA,3
Babin Brian,Rep.,Brian,Babin,R,TX,36
Bacon Don,Rep.,Don,Bacon,R,NE,2
Baird Jim,Rep.,Jim,Baird,R,IN,4
Balderson Troy,Rep.,Troy,Balderson,R,OH,12
Banks Jim,Rep.,Jim,Banks,R,IN,3
Barr Andy,Rep.,Andy,Barr,R,KY,6
Diaz Barragan Nanette,Rep.,Nanette,Diaz Barragan,D,CA,44
Bass Karen,Rep.,Karen,Bass,D,CA,37
Beatty Joyce,Rep.,Joyce,Beatty,D,OH,3
Bera Ami,Rep.,Ami,Bera,D,CA,7
Bergman Jack,Rep.,Jack,Bergman,R,MI,1
Beyer Don,Rep.,Don,Beyer,D,VA,8
Biggs Andy,Rep.,Andy,Biggs,R,AZ,5
Bilirakis Gus,Rep.,Gus,Bilirakis,R,FL,12
Bishop Dan,Rep.,Dan,Bishop,R,NC,9
Bishop Rob,Rep.,Rob,Bishop,R,UT,1
Bishop Sanford,Rep.,Sanford,Bishop,D,GA,2
Blumenauer Earl,Rep.,Earl,Blumenauer,D,OR,3
Blunt Rochester Lisa,Rep.,Lisa,Blunt Rochester,D,DE,at large
Bonamici Suzanne,Rep.,Suzanne,Bonamici,D,OR,1
Bost Mike,Rep.,Mike,Bost,R,IL,12
Boyle Brendan,Rep.,Brendan,Boyle,D,PA,2
Brady Kevin,Rep.,Kevin,Brady,R,TX,8
Brindisi Anthony,Rep.,Anthony,Brindisi,D,NY,22
Brooks Mo,Rep.,Mo,Brooks,R,AL,5
Brooks Susan,Rep.,Susan,Brooks,R,IN,5
Brown Anthony,Rep.,Anthony,Brown,D,MD,4
Brownley Julia,Rep.,Julia,Brownley,D,CA,26
Buchanan Vern,Rep.,Vern,Buchanan,R,FL,16
Buck Ken,Rep.,Ken,Buck,R,CO,4
Bucshon Larry,Rep.,Larry,Bucshon,R,IN,8
Budd Ted,Rep.,Ted,Budd,R,NC,13
Burchett Tim,Rep.,Tim,Burchett,R,TN,2
Burgess Mike,Rep.,Mike,Burgess,R,TX,26
Bustos Cheri,Rep.,Cheri,Bustos,D,IL,17
Butterfield G.K.,Rep.,G.K.,Butterfield,D,NC,1
Byrne Bradley,Rep.,Bradley,Byrne,R,AL,1
Calvert Ken,Rep.,Ken,Calvert,R,CA,42
Carbajal Salud,Rep.,Salud,Carbajal,D,CA,24
Cardenas Tony,Rep.,Tony,Cardenas,D,CA,29
Carson Andre,Rep.,Andre,Carson,D,IN,7
Carter Buddy,Rep.,Buddy,Carter,R,GA,1
Carter John,Rep.,John,Carter,R,TX,31
Cartwright Matt,Rep.,Matt,Cartwright,D,PA,8
Case Ed,Rep.,Ed,Case,D,HI,1
Casten Sean,Rep.,Sean,Casten,D,IL,6
Castor Kathy,Rep.,Kathy,Castor,D,FL,14
Castro Joaquin,Rep.,Joaquin,Castro,D,TX,20
Chabot Steve,Rep.,Steve,Chabot,R,OH,1
Cheney Liz,Rep.,Liz,Cheney,R,WY,1
Chu Judy,Rep.,Judy,Chu,D,CA,27
Cicilline David,Rep.,David,Cicilline,D,RI,1
Cisneros Gil,Rep.,Gil,Cisneros,D,CA,39
Clark Katherine,Rep.,Katherine,Clark,D,MA,5
Clarke Yvette,Rep.,Yvette,Clarke,D,NY,9
Clay Lacy,Rep.,Lacy,Clay,D,MO,1
Cleaver Emanuel,Rep.,Emanuel,Cleaver,D,MO,5
Cline Ben,Rep.,Ben,Cline,R,VA,6
Cloud Michael,Rep.,Michael,Cloud,R,TX,27
Clyburn Jim,Rep.,Jim,Clyburn,D,SC,6
Cohen Steve,Rep.,Steve,Cohen,D,TN,9
Cole Tom,Rep.,Tom,Cole,R,OK,4
Collins Doug,Rep.,Doug,Collins,R,GA,9
Comer James,Rep.,James,Comer,R,KY,1
Conaway Mike,Rep.,Mike,Conaway,R,TX,11
Connolly Gerry,Rep.,Gerry,Connolly,D,VA,11
Cook Paul,Rep.,Paul,Cook,R,CA,8
Cooper Jim,Rep.,Jim,Cooper,D,TN,5
Correa Lou,Rep.,Lou,Correa,D,CA,46
Costa Jim,Rep.,Jim,Costa,D,CA,16
Courtney Joe,Rep.,Joe,Courtney,D,CT,2
Cox TJ,Rep.,TJ,Cox,D,CA,21
Craig Angie,Rep.,Angie,Craig,D,MN,2
Crawford Rick,Rep.,Rick,Crawford,R,AR,1
Crenshaw Dan,Rep.,Dan,Crenshaw,R,TX,2
Crist Charlie,Rep.,Charlie,Crist,D,FL,13
Crow Jason,Rep.,Jason,Crow,D,CO,6
Cuellar Henry,Rep.,Henry,Cuellar,D,TX,28
Cunningham Joe,Rep.,Joe,Cunningham,D,SC,1
Curtis John,Rep.,John,Curtis,R,UT,3
Davids Sharice,Rep.,Sharice,Davids,D,KS,3
Davidson Warren,Rep.,Warren,Davidson,R,OH,8
Davis Danny,Rep.,Danny,Davis,D,IL,7
Davis Rodney,Rep.,Rodney,Davis,R,IL,13
Davis Susan,Rep.,Susan,Davis,D,CA,53
Dean Madeleine,Rep.,Madeleine,Dean,D,PA,4
DeFazio Peter,Rep.,Peter,DeFazio,D,OR,4
DeGette Diana,Rep.,Diana,DeGette,D,CO,1
DeLauro Rosa,Rep.,Rosa,DeLauro,D,CT,3
DelBene Suzan,Rep.,Suzan,DelBene,D,WA,1
Delgado Antonio,Rep.,Antonio,Delgado,D,NY,19
Demings Val,Rep.,Val,Demings,D,FL,10
DeSaulnier Mark,Rep.,Mark,DeSaulnier,D,CA,11
DesJarlais Scott,Rep.,Scott,DesJarlais,R,TN,4
Deutch Ted,Rep.,Ted,Deutch,D,FL,22
Diaz-Balart Mario,Rep.,Mario,Diaz-Balart,R,FL,25
Dingell Debbie,Rep.,Debbie,Dingell,D,MI,12
Doggett Lloyd,Rep.,Lloyd,Doggett,D,TX,35
Doyle Mike,Rep.,Mike,Doyle,D,PA,18
Duncan Jeff,Rep.,Jeff,Duncan,R,SC,3
Dunn Neal,Rep.,Neal,Dunn,R,FL,2
Emmer Tom,Rep.,Tom,Emmer,R,MN,6
Engel Eliot,Rep.,Eliot,Engel,D,NY,16
Escobar Veronica,Rep.,Veronica,Escobar,D,TX,16
Eshoo Anna,Rep.,Anna,Eshoo,D,CA,18
Espaillat Adriano,Rep.,Adriano,Espaillat,D,NY,13
Estes Ron,Rep.,Ron,Estes,R,KS,4
Evans Dwight,Rep.,Dwight,Evans,D,PA,3
Ferguson Drew,Rep.,Drew,Ferguson,R,GA,3
Finkenauer Abby,Rep.,Abby,Finkenauer,D,IA,1
Fitzpatrick Brian,Rep.,Brian,Fitzpatrick,R,PA,1
Fleischmann Chuck,Rep.,Chuck,Fleischmann,R,TN,3
Fletcher Lizzie,Rep.,Lizzie,Fletcher,D,TX,7
Flores Bill,Rep.,Bill,Flores,R,TX,17
Fortenberry Jeff,Rep.,Jeff,Fortenberry,R,NE,1
Foster Bill,Rep.,Bill,Foster,D,IL,11
Foxx Virginia,Rep.,Virginia,Foxx,R,NC,5
Frankel Lois,Rep.,Lois,Frankel,D,FL,21
Fudge Marcia,Rep.,Marcia,Fudge,D,OH,11
Fulcher Russ,Rep.,Russ,Fulcher,R,ID,1
Gabbard Tulsi,Rep.,Tulsi,Gabbard,D,HI,2
Gaetz Matt,Rep.,Matt,Gaetz,R,FL,1
Gallagher Mike,Rep.,Mike,Gallagher,R,WI,8
Gallego Ruben,Rep.,Ruben,Gallego,D,AZ,7
Garamendi John,Rep.,John,Garamendi,D,CA,3
Garcia Chuy,Rep.,Chuy,Garcia,D,IL,4
Garcia Sylvia,Rep.,Sylvia,Garcia,D,TX,29
Gianforte Greg,Rep.,Greg,Gianforte,R,MT,1
Gibbs Bob,Rep.,Bob,Gibbs,R,OH,7
Gohmert Louie,Rep.,Louie,Gohmert,R,TX,1
Golden Jared,Rep.,Jared,Golden,D,ME,2
Gomez Jimmy,Rep.,Jimmy,Gomez,D,CA,34
Gonzalez Anthony,Rep.,Anthony,Gonzalez,R,OH,16
Gonzalez Vicente,Rep.,Vicente,Gonzalez,D,TX,15
Gonzalez-Colon Jenniffer,Rep.,Jenniffer,Gonzalez-Colon,R,PR,at large
Gooden Lance,Rep.,Lance,Gooden,R,TX,5
Gosar Paul,Rep.,Paul,Gosar,R,AZ,4
Gottheimer Josh,Rep.,Josh,Gottheimer,D,NJ,5
Granger Kay,Rep.,Kay,Granger,R,TX,12
Graves Garret,Rep.,Garret,Graves,R,LA,6
Graves Tom,Rep.,Tom,Graves,R,GA,14
Graves Sam,Rep.,Sam,Graves,R,MO,6
Green Al,Rep.,Al,Green,D,TX,9
Green Mark,Rep.,Mark,Green,R,TN,7
Griffith Morgan,Rep.,Morgan,Griffith,R,VA,9
Grijalva Raul,Rep.,Raul,Grijalva,D,AZ,3
Grothman Glenn,Rep.,Glenn,Grothman,R,WI,6
Guest Michael,Rep.,Michael,Guest,R,MS,3
Guthrie Brett,Rep.,Brett,Guthrie,R,KY,2
Haaland Deb,Rep.,Deb,Haaland,D,NM,1
Hagedorn Jim,Rep.,Jim,Hagedorn,R,MN,1
Harder Josh,Rep.,Josh,Harder,D,CA,10
Harris Andy,Rep.,Andy,Harris,R,MD,1
Hartzler Vicky,Rep.,Vicky,Hartzler,R,MO,4
Hastings Alcee,Rep.,Alcee,Hastings,D,FL,20
Hayes Jahana,Rep.,Jahana,Hayes,D,CT,5
Heck Denny,Rep.,Denny,Heck,D,WA,10
Hern Kevin,Rep.,Kevin,Hern,R,OK,1
Herrera Beutler Jaime,Rep.,Jaime,Herrera Beutler,R,WA,3
Hice Jody,Rep.,Jody,Hice,R,GA,10
Higgins Brian,Rep.,Brian,Higgins,D,NY,26
Higgins Clay,Rep.,Clay,Higgins,R,LA,3
Hill French,Rep.,French,Hill,R,AR,2
Himes Jim,Rep.,Jim,Himes,D,CT,4
Holding George,Rep.,George,Holding,R,NC,2
Hollingsworth Trey,Rep.,Trey,Hollingsworth,R,IN,9
Horn Kendra,Rep.,Kendra,Horn,D,OK,5
Horsford Steven,Rep.,Steven,Horsford,D,NV,4
Houlahan Chrissy,Rep.,Chrissy,Houlahan,D,PA,6
Hoyer Steny,Rep.,Steny,Hoyer,D,MD,5
Hudson Richard,Rep.,Richard,Hudson,R,NC,8
Huffman Jared,Rep.,Jared,Huffman,D,CA,2
Huizenga Bill,Rep.,Bill,Huizenga,R,MI,2
Hurd Will,Rep.,Will,Hurd,R,TX,23
Jacobs Christopher,Rep.,Christopher,Jacobs,R,NY,27
Jackson Lee Sheila,Rep.,Sheila,Jackson Lee,D,TX,18
Jayapal Pramila,Rep.,Pramila,Jayapal,D,WA,7
Jeffries Hakeem,Rep.,Hakeem,Jeffries,D,NY,8
Johnson Dusty,Rep.,Dusty,Johnson,R,SD,1
Johnson Eddie Bernice ,Rep.,Eddie Bernice ,Johnson,D,TX,30
Johnson Hank,Rep.,Hank,Johnson,D,GA,4
Johnson Mike,Rep.,Mike,Johnson,R,LA,4
Johnson Bill,Rep.,Bill,Johnson,R,OH,6
Jordan Jim,Rep.,Jim,Jordan,R,OH,4
Joyce Dave,Rep.,Dave,Joyce,R,OH,14
Joyce John,Rep.,John,Joyce,R,PA,13
Kaptur Marcy,Rep.,Marcy,Kaptur,D,OH,9
Katko John,Rep.,John,Katko,R,NY,24
Keating Bill,Rep.,Bill,Keating,D,MA,9
Keller Fred,Rep.,Fred,Keller,R,PA,12
Kelly Mike,Rep.,Mike,Kelly,R,PA,16
Kelly Robin,Rep.,Robin,Kelly,D,IL,2
Kelly Trent,Rep.,Trent,Kelly,R,MS,1
Kennedy III Joe,Rep.,Joe,Kennedy III,D,MA,4
Khanna Ro,Rep.,Ro,Khanna,D,CA,17
Kildee Dan,Rep.,Dan,Kildee,D,MI,5
Kilmer Derek,Rep.,Derek,Kilmer,D,WA,6
Kim Andy,Rep.,Andy,Kim,D,NJ,3
Kind Ron,Rep.,Ron,Kind,D,WI,3
King Pete,Rep.,Pete,King,R,NY,2
King Steve,Rep.,Steve,King,R,IA,4
Kinzinger Adam,Rep.,Adam,Kinzinger,R,IL,16
Kirkpatrick Ann,Rep.,Ann,Kirkpatrick,D,AZ,2
Krishnamoorthi Raja,Rep.,Raja,Krishnamoorthi,D,IL,8
Kuster Ann,Rep.,Ann,Kuster,D,NH,2
Kustoff David,Rep.,David,Kustoff,R,TN,8
LaHood Darin,Rep.,Darin,LaHood,R,IL,18
LaMalfa Doug,Rep.,Doug,LaMalfa,R,CA,1
Lamb Conor,Rep.,Conor,Lamb,D,PA,17
Lamborn Doug,Rep.,Doug,Lamborn,R,CO,5
Langevin Jim,Rep.,Jim,Langevin,D,RI,2
Larsen Rick,Rep.,Rick,Larsen,D,WA,2
Larson John,Rep.,John,Larson,D,CT,1
Latta Bob,Rep.,Bob,Latta,R,OH,5
Lawrence Brenda,Rep.,Brenda,Lawrence,D,MI,14
Lawson Al,Rep.,Al,Lawson,D,FL,5
Lee Barbara,Rep.,Barbara,Lee,D,CA,13
Lee Susie,Rep.,Susie,Lee,D,NV,3
Lesko Debbie,Rep.,Debbie,Lesko,R,AZ,8
Levin Andy,Rep.,Andy,Levin,D,MI,9
Levin Mike,Rep.,Mike,Levin,D,CA,49
Lewis John,Rep.,John,Lewis,D,GA,5
Lieu Ted,Rep.,Ted,Lieu,D,CA,33
Lipinski Dan,Rep.,Dan,Lipinski,D,IL,3
Loebsack Dave,Rep.,Dave,Loebsack,D,IA,2
Lofgren Zoe,Rep.,Zoe,Lofgren,D,CA,19
Long Billy,Rep.,Billy,Long,R,MO,7
Loudermilk Barry,Rep.,Barry,Loudermilk,R,GA,11
Lowenthal Alan,Rep.,Alan,Lowenthal,D,CA,47
Lowey Nita,Rep.,Nita,Lowey,D,NY,17
Lucas Frank,Rep.,Frank,Lucas,R,OK,3
Luetkemeyer Blaine,Rep.,Blaine,Luetkemeyer,R,MO,3
Ray Lujan Ben,Rep.,Ben,Ray Lujan,D,NM,3
Luria Elaine,Rep.,Elaine,Luria,D,VA,2
Lynch Stephen,Rep.,Stephen,Lynch,D,MA,8
Malinowski Tom,Rep.,Tom,Malinowski,D,NJ,7
Maloney Carolyn,Rep.,Carolyn,Maloney,D,NY,12
Maloney Sean Patrick ,Rep.,Sean Patrick ,Maloney,D,NY,18
Marchant Kenny,Rep.,Kenny,Marchant,R,TX,24
Marshall Roger,Rep.,Roger,Marshall,R,KS,1
Massie Thomas,Rep.,Thomas,Massie,R,KY,4
Mast Brian,Rep.,Brian,Mast,R,FL,18
Matsui Doris,Rep.,Doris,Matsui,D,CA,6
McAdams Ben,Rep.,Ben,McAdams,D,UT,4
McBath Lucy,Rep.,Lucy,McBath,D,GA,6
McCarthy Kevin,Rep.,Kevin,McCarthy,R,CA,23
McCaul Michael,Rep.,Michael,McCaul,R,TX,10
McClintock Tom,Rep.,Tom,McClintock,R,CA,4
McCollum Betty,Rep.,Betty,McCollum,D,MN,4
McEachin Donald,Rep.,Donald,McEachin,D,VA,4
McGovern Jim,Rep.,Jim,McGovern,D,MA,2
McHenry Patrick,Rep.,Patrick,McHenry,R,NC,10
McKinley David,Rep.,David,McKinley,R,WV,1
McMorris Rodgers Cathy,Rep.,Cathy,McMorris Rodgers,R,WA,5
McNerney Jerry,Rep.,Jerry,McNerney,D,CA,9
Meeks Gregory,Rep.,Gregory,Meeks,D,NY,5
Meng Grace,Rep.,Grace,Meng,D,NY,6
Meuser Dan,Rep.,Dan,Meuser,R,PA,9
Mfume Kweisi,Rep.,Kweisi,Mfume,D,MD,7
Miller Carol,Rep.,Carol,Miller,R,WV,3
Mitchell Paul,Rep.,Paul,Mitchell,R,MI,10
Moolenaar John,Rep.,John,Moolenaar,R,MI,4
Mooney Alex,Rep.,Alex,Mooney,R,WV,2
Moore Gwen,Rep.,Gwen,Moore,D,WI,4
Morelle Joe,Rep.,Joe,Morelle,D,NY,25
Moulton Seth,Rep.,Seth,Moulton,D,MA,6
Mucarsel-Powell Debbie,Rep.,Debbie,Mucarsel-Powell,D,FL,26
Mullin Markwayne,Rep.,Markwayne,Mullin,R,OK,2
Murphy Greg,Rep.,Greg,Murphy,R,NC,3
Murphy Stephanie,Rep.,Stephanie,Murphy,D,FL,7
Nadler Jerry,Rep.,Jerry,Nadler,D,NY,10
Napolitano Grace,Rep.,Grace,Napolitano,D,CA,32
Neal Richard,Rep.,Richard,Neal,D,MA,1
Neguse Joe,Rep.,Joe,Neguse,D,CO,2
Newhouse Dan,Rep.,Dan,Newhouse,R,WA,4
Norcross Donald,Rep.,Donald,Norcross,D,NJ,1
Norman Ralph,Rep.,Ralph,Norman,R,SC,5
Holmes Norton Eleanor,Rep.,Eleanor,Holmes Norton,D,DC,1
Nunes Devin,Rep.,Devin,Nunes,R,CA,22
O'Halleran Tom,Rep.,Tom,O'Halleran,D,AZ,1
Ocasio-Cortez Alexandria,Rep.,Alexandria,Ocasio-Cortez,D,NY,14
Olson Pete,Rep.,Pete,Olson,R,TX,22
Omar Ilhan,Rep.,Ilhan,Omar,D,MN,5
Palazzo Steven,Rep.,Steven,Palazzo,R,MS,4
Pallone Frank,Rep.,Frank,Pallone,D,NJ,6
Palmer Gary,Rep.,Gary,Palmer,R,AL,6
Panetta Jimmy,Rep.,Jimmy,Panetta,D,CA,20
Pappas Chris,Rep.,Chris,Pappas,D,NH,1
Pascrell Bill,Rep.,Bill,Pascrell,D,NJ,9
Payne Jr. Donald,Rep.,Donald,Payne Jr.,D,NJ,10
Pelosi Nancy,Rep.,Nancy,Pelosi,D,CA,12
Pence Greg,Rep.,Greg,Pence,R,IN,6
Perlmutter Ed,Rep.,Ed,Perlmutter,D,CO,7
Perry Scott,Rep.,Scott,Perry,R,PA,10
Peters Scott,Rep.,Scott,Peters,D,CA,52
Peterson Collin,Rep.,Collin,Peterson,D,MN,7
Phillips Dean,Rep.,Dean,Phillips,D,MN,3
Pingree Chellie,Rep.,Chellie,Pingree,D,ME,1
Plaskett Stacey,Rep.,Stacey,Plaskett,D,VI,at large
Pocan Mark,Rep.,Mark,Pocan,D,WI,2
Porter Katie,Rep.,Katie,Porter,D,CA,45
Posey Bill,Rep.,Bill,Posey,R,FL,8
Pressley Ayanna,Rep.,Ayanna,Pressley,D,MA,7
Price David,Rep.,David,Price,D,NC,4
Quigley Mike,Rep.,Mike,Quigley,D,IL,5
Coleman Radewagen Amata,Rep.,Amata,Coleman Radewagen,R,AS,at large
Raskin Jamie,Rep.,Jamie,Raskin,D,MD,8
Ratcliffe John,Rep.,John,Ratcliffe,R,TX,4
Reed Tom,Rep.,Tom,Reed,R,NY,23
Reschenthaler Guy,Rep.,Guy,Reschenthaler,R,PA,14
Rice Kathleen,Rep.,Kathleen,Rice,D,NY,4
Rice Tom,Rep.,Tom,Rice,R,SC,7
Richmond Cedric,Rep.,Cedric,Richmond,D,LA,2
Riggleman Denver,Rep.,Denver,Riggleman,R,VA,5
Roby Martha,Rep.,Martha,Roby,R,AL,2
Roe Phil,Rep.,Phil,Roe,R,TN,1
Rogers Hal,Rep.,Hal,Rogers,R,KY,5
Rogers Mike,Rep.,Mike,Rogers,R,AL,3
Rooney Francis,Rep.,Francis,Rooney,R,FL,19
Rose John,Rep.,John,Rose,R,TN,6
Rose Max,Rep.,Max,Rose,D,NY,11
Rouda Harley,Rep.,Harley,Rouda,D,CA,48
Rouzer David,Rep.,David,Rouzer,R,NC,7
Roy Chip,Rep.,Chip,Roy,R,TX,21
Roybal-Allard Lucille,Rep.,Lucille,Roybal-Allard,D,CA,40
Ruiz Raul,Rep.,Raul,Ruiz,D,CA,36
Ruppersberger Dutch,Rep.,Dutch,Ruppersberger,D,MD,2
Rush Bobby,Rep.,Bobby,Rush,D,IL,1
Rutherford John,Rep.,John,Rutherford,R,FL,4
Ryan Tim,Rep.,Tim,Ryan,D,OH,13
Sablan Gregorio Kilili Camacho,Rep.,Gregorio Kilili Camacho,Sablan,D,MP,at large
San Nicolas Michael,Rep.,Michael,San Nicolas,D,GU,at large
Sanchez Linda,Rep.,Linda,Sanchez,D,CA,38
Sarbanes John,Rep.,John,Sarbanes,D,MD,3
Scalise Steve,Rep.,Steve,Scalise,R,LA,1
Gay Scanlon Mary,Rep.,Mary,Gay Scanlon,D,PA,5
Schakowsky Jan,Rep.,Jan,Schakowsky,D,IL,9
Schiff Adam,Rep.,Adam,Schiff,D,CA,28
Schneider Brad,Rep.,Brad,Schneider,D,IL,10
Schrader Kurt,Rep.,Kurt,Schrader,D,OR,5
Schrier Kim,Rep.,Kim,Schrier,D,WA,8
Schweikert David,Rep.,David,Schweikert,R,AZ,6
Scott Austin,Rep.,Austin,Scott,R,GA,8
Scott David,Rep.,David,Scott,D,GA,13
Scott Bobby,Rep.,Bobby,Scott,D,VA,3
Sensenbrenner Jim,Rep.,Jim,Sensenbrenner,R,WI,5
Serrano Jose,Rep.,Jose,Serrano,D,NY,15
Sewell Terri,Rep.,Terri,Sewell,D,AL,7
Shalala Donna,Rep.,Donna,Shalala,D,FL,27
Sherman Brad,Rep.,Brad,Sherman,D,CA,30
Sherrill Mikie,Rep.,Mikie,Sherrill,D,NJ,11
Shimkus John,Rep.,John,Shimkus,R,IL,15
Simpson Mike,Rep.,Mike,Simpson,R,ID,2
Sires Albio,Rep.,Albio,Sires,D,NJ,8
Slotkin Elissa,Rep.,Elissa,Slotkin,D,MI,8
Torres Small Xochitl,Rep.,Xochitl,Torres Small,D,NM,2
Smith Adam,Rep.,Adam,Smith,D,WA,9
Smith Adrian,Rep.,Adrian,Smith,R,NE,3
Smith Chris,Rep.,Chris,Smith,R,NJ,4
Smith Jason,Rep.,Jason,Smith,R,MO,8
Smucker Lloyd,Rep.,Lloyd,Smucker,R,PA,11
Soto Darren,Rep.,Darren,Soto,D,FL,9
Spanberger Abigail,Rep.,Abigail,Spanberger,D,VA,7
Spano Ross,Rep.,Ross,Spano,R,FL,15
Speier Jackie,Rep.,Jackie,Speier,D,CA,14
Stanton Greg,Rep.,Greg,Stanton,D,AZ,9
Stauber Pete,Rep.,Pete,Stauber,R,MN,8
Stefanik Elise,Rep.,Elise,Stefanik,R,NY,21
Steil Bryan,Rep.,Bryan,Steil,R,WI,1
Steube Greg,Rep.,Greg,Steube,R,FL,17
Stevens Haley,Rep.,Haley,Stevens,D,MI,11
Stewart Chris,Rep.,Chris,Stewart,R,UT,2
Stivers Steve,Rep.,Steve,Stivers,R,OH,15
Suozzi Tom,Rep.,Tom,Suozzi,D,NY,3
Swalwell Eric,Rep.,Eric,Swalwell,D,CA,15
Takano Mark,Rep.,Mark,Takano,D,CA,41
Taylor Van,Rep.,Van,Taylor,R,TX,3
Thompson Bennie,Rep.,Bennie,Thompson,D,MS,2
Thompson Glenn,Rep.,Glenn,Thompson,R,PA,15
Thompson Mike,Rep.,Mike,Thompson,D,CA,5
Thornberry Mac,Rep.,Mac,Thornberry,R,TX,13
Tiffany Tom,Rep.,Tom,Tiffany,R,WI,7
Timmons William,Rep.,William,Timmons,R,SC,4
Tipton Scott,Rep.,Scott,Tipton,R,CO,3
Titus Dina,Rep.,Dina,Titus,D,NV,1
Tlaib Rashida,Rep.,Rashida,Tlaib,D,MI,13
Tonko Paul,Rep.,Paul,Tonko,D,NY,20
Torres Norma,Rep.,Norma,Torres,D,CA,35
Trahan Lori,Rep.,Lori,Trahan,D,MA,3
Trone David,Rep.,David,Trone,D,MD,6
Turner Mike,Rep.,Mike,Turner,R,OH,10
Underwood Lauren,Rep.,Lauren,Underwood,D,IL,14
Upton Fred,Rep.,Fred,Upton,R,MI,6
Van Drew Jeff,Rep.,Jeff,Van Drew,R,NJ,2
Vargas Juan,Rep.,Juan,Vargas,D,CA,51
Veasey Marc,Rep.,Marc,Veasey,D,TX,33
Vela Filemon,Rep.,Filemon,Vela,D,TX,34
Velazquez Nydia,Rep.,Nydia,Velazquez,D,NY,7
Visclosky Pete,Rep.,Pete,Visclosky,D,IN,1
Wagner Ann,Rep.,Ann,Wagner,R,MO,2
Walberg Tim,Rep.,Tim,Walberg,R,MI,7
Walden Greg,Rep.,Greg,Walden,R,OR,2
Walker Mark,Rep.,Mark,Walker,R,NC,6
Walorski Jackie,Rep.,Jackie,Walorski,R,IN,2
Waltz Michael,Rep.,Michael,Waltz,R,FL,6
Wasserman Schultz Debbie,Rep.,Debbie,Wasserman Schultz,D,FL,23
Waters Maxine,Rep.,Maxine,Waters,D,CA,43
Watkins Steve,Rep.,Steve,Watkins,R,KS,2
Watson Coleman Bonnie,Rep.,Bonnie,Watson Coleman,D,NJ,12
Weber Randy,Rep.,Randy,Weber,R,TX,14
Webster Dan,Rep.,Dan,Webster,R,FL,11
Welch Peter,Rep.,Peter,Welch,D,VT,at large
Wenstrup Brad,Rep.,Brad,Wenstrup,R,OH,2
Westerman Bruce,Rep.,Bruce,Westerman,R,AR,4
Wexton Jennifer,Rep.,Jennifer,Wexton,D,VA,10
Wild Susan,Rep.,Susan,Wild,D,PA,7
Williams Roger,Rep.,Roger,Williams,R,TX,25
Wilson Joe,Rep.,Joe,Wilson,R,SC,2
Wilson Frederica,Rep.,Frederica,Wilson,D,FL,24
Wittman Rob,Rep.,Rob,Wittman,R,VA,1
Womack Steve,Rep.,Steve,Womack,R,AR,3
Woodall Rob,Rep.,Rob,Woodall,R,GA,7
Wright Ron,Rep.,Ron,Wright,R,TX,6
Yarmuth John,Rep.,John,Yarmuth,D,KY,3
Yoho Ted,Rep.,Ted,Yoho,R,FL,3
Young Don,Rep.,Don,Young,R,AK,1
Zeldin Lee,Rep.,Lee,Zeldin,R,NY,1
